ListNumber,Block,TaskCode,Zahlenraum,SourceType,QuestionText,AnswerFormat,CorrectAnswer,German,English,IfWrong_practice_skills,Ifwrong_skip,Notes,PairId
1,1_Zaehlen,1a,ZR10,Text,5,Multiple,"6, 7, 8, 9, 10, 11, 12","Zähle in Einer-Schritten vorwärts ab 5!","Count forward in ones from 5",counting_3,,Forward counting starting low,
2,1_Zaehlen,1a,ZR20,Text,17,Multiple,"18, 19, 20, 21, 22, 23","Zähle in Einer-Schritten vorwärts ab 17!","Count forward in ones from 17",counting_3,,Forward counting across decade,
3,1_Zaehlen,1a,ZR100,Text,32,Multiple,"33, 34, 35, 36, 37, 38","Zähle in Einer-Schritten vorwärts ab 32!","Count forward in ones from 32",counting_3,,Forward counting ZR100,
4,1_Zaehlen,1b,ZR10,Text,7,Multiple,"6, 5, 4, 3, 2, 1","Zähle in Einer-Schritten rückwärts ab 7!","Count backward in ones from 7",counting_3,,Backward counting low,
5,1_Zaehlen,1b,ZR20,Text,18,Multiple,"17, 16, 15, 14, 13, 12","Zähle in Einer-Schritten rückwärts ab 18!","Count backward in ones from 18",counting_3,,Backward counting across decade,
6,1_Zaehlen,1b,ZR100,Text,72,Multiple,"71, 70, 69, 68, 67, 66","Zähle in Einer-Schritten rückwärts ab 72!","Count backward in ones from 72 across decade",counting_3,,Backward counting ZR100 across decade,
7,1_Zaehlen,1c,ZR10,Text,4,Single,3,"Welche Zahl kommt vor der 4?","Which number comes before 4?",counting_4 counting_5,,Predecessor ZR10,
8,1_Zaehlen,1c,ZR100,Text,23,Single,22,"Welche Zahl kommt vor der 23?","Which number comes before 23?",counting_4 counting_5,,Predecessor mid-decade,
9,1_Zaehlen,1c,ZR100,Text,31,Single,30,"Welche Zahl kommt vor der 31?","Which number comes before 31?",counting_4 counting_5,,Predecessor at decade transition,
10,1_Zaehlen,1d,ZR10,Text,6,Single,7,"Welche Zahl kommt nach der 6?","Which number comes after 6?",counting_4 counting_5,,Successor ZR10,
11,1_Zaehlen,1d,ZR100,Text,43,Single,44,"Welche Zahl kommt nach der 43?","Which number comes after 43?",counting_4 counting_5,,Successor mid-decade,
12,1_Zaehlen,1d,ZR100,Text,59,Single,60,"Welche Zahl kommt nach der 59?","Which number comes after 59?",counting_4 counting_5,,Successor at decade transition,
13,1_Zaehlen,1e,ZR10,Text,6,Multiple,"8, 10","Zähle in Zweier-Schritten vorwärts ab 6!","Skip count by 2 from 6",counting_6 counting_7,,Skip count by 2s ZR10,
14,1_Zaehlen,1e,ZR20,Text,7,Multiple,"9, 11, 13, 15","Zähle in Zweier-Schritten vorwärts ab 7!","Skip count by 2 from 7 (odd start)",counting_6 counting_7,,Skip count by 2s odd start,
15,1_Zaehlen,1e,ZR100,Text,22,Multiple,"24, 26, 28, 30, 32","Zähle in Zweier-Schritten vorwärts ab 22!","Skip count by 2 from 22",counting_6 counting_7,,Skip count by 2s across decade,
16,1_Zaehlen,1e,ZR100,Text,57,Multiple,"55, 53, 51, 49, 47","Zähle in Zweier-Schritten rückwärts ab 57!","Skip count back by 2 from 57",counting_6 counting_7,,Skip count by 2s backward odd,
17,1_Zaehlen,1f,ZR100,Text,20,Multiple,"30, 40, 50, 60, 70","Zähle in Zehner-Schritten vorwärts ab 20!","Skip count by 10 from 20",counting_8 counting_9,,Skip count by 10s forward,
18,1_Zaehlen,1f,ZR100,Text,70,Multiple,"60, 50, 40, 30, 20, 10","Zähle in Zehner-Schritten rückwärts ab 70!","Skip count by 10 backward from 70",counting_8 counting_9,,Skip count by 10s backward,
19,1_Zaehlen,1f,ZR100,Text,57,Multiple,"47, 37, 27, 17, 7","Zähle in Zehner-Schritten rückwärts ab 57!","Skip count by 10 backward from 57 (off-decade)",counting_8 counting_9,,Skip count by 10s backward off-decade,
20,1_Zaehlen,1g,ZR100,Text,74 vs 56,Single,74,"Welche Zahl ist größer: 74 oder 56?","Which number is larger: 74 or 56?",place_value_4 place_value_5,,Oral number comparison,
21,1_Zaehlen,1h,ZR100,Text,63 vs 47,Single,63,"Welche Zahl ist größer: 63 oder 47? (Zahlen werden gezeigt)","Which number is larger: 63 or 47? (numbers shown)",place_value_4 place_value_5,,Written number comparison,
22,2_Zahldarstellung,2b_Rechenrahmen,ZR10,Image,placeholder_rr_6.png,Single,6,"Welche Zahl ist am Rechenrahmen eingestellt?","Which number is shown on the calculation rack?",decomposition_6 decomposition_11,,Read Rechenrahmen ZR10,
23,2_Zahldarstellung,2b_Rechenrahmen,ZR20,Image,placeholder_rr_14.png,Single,14,"Welche Zahl ist am Rechenrahmen eingestellt?","Which number is shown on the calculation rack?",decomposition_6 decomposition_11,,Read Rechenrahmen ZR20,
24,2_Zahldarstellung,2b_Rechenrahmen,ZR100,Image,placeholder_rr_43.png,Single,43,"Welche Zahl ist am Rechenrahmen eingestellt?","Which number is shown on the calculation rack?",decomposition_6 decomposition_11,,Read Rechenrahmen ZR100,
25,2_Zahldarstellung,2b_Rechenrahmen,ZR100,Image,placeholder_rr_76.png,Single,76,"Welche Zahl ist am Rechenrahmen eingestellt?","Which number is shown on the calculation rack?",decomposition_6 decomposition_11,,Read Rechenrahmen ZR100,
26,2_Zahldarstellung,2c_RR_quick,ZR10,Image,placeholder_rr_quick_7.png,Single,7,"Welche Zahl hast du gesehen? (kurz gezeigt)","Which number did you see? (briefly shown)",decomposition_6 decomposition_11,,Quick-see Rechenrahmen ZR10,
27,2_Zahldarstellung,2c_RR_quick,ZR10,Image,placeholder_rr_quick_9.png,Single,9,"Welche Zahl hast du gesehen? (kurz gezeigt)","Which number did you see? (briefly shown)",decomposition_6 decomposition_11,,Quick-see Rechenrahmen,
28,2_Zahldarstellung,2c_RR_quick,ZR20,Image,placeholder_rr_quick_16.png,Single,16,"Welche Zahl hast du gesehen? (kurz gezeigt)","Which number did you see? (briefly shown)",decomposition_6 decomposition_11,,Quick-see Rechenrahmen ZR20,
29,2_Zahldarstellung,2c_RR_quick,ZR100,Image,placeholder_rr_quick_23.png,Single,23,"Welche Zahl hast du gesehen? (kurz gezeigt)","Which number did you see? (briefly shown)",decomposition_6 decomposition_11,,Quick-see Rechenrahmen ZR100,
30,2_Zahldarstellung,2e_Zehnersystem,ZR20,Image,placeholder_zs_11.png,Single,11,"Welche Zahl wurde mit den Zehnersystem-Blöcken gelegt?","Which number is shown with the base-10 blocks?",place_value_2 place_value_3,,Read Zehnersystem-Blöcke ZR20,
31,2_Zahldarstellung,2e_Zehnersystem,ZR100,Image,placeholder_zs_23.png,Single,23,"Welche Zahl wurde mit den Zehnersystem-Blöcken gelegt?","Which number is shown with the base-10 blocks?",place_value_2 place_value_3,,Read Zehnersystem-Blöcke,
32,2_Zahldarstellung,2e_Zehnersystem,ZR100,Image,placeholder_zs_30.png,Single,30,"Welche Zahl wurde mit den Zehnersystem-Blöcken gelegt?","Which number is shown with the base-10 blocks?",place_value_2 place_value_3,,Read Zehnersystem (no ones),
33,2_Zahldarstellung,2e_Zehnersystem,ZR100,Image,placeholder_zs_76.png,Single,76,"Welche Zahl wurde mit den Zehnersystem-Blöcken gelegt?","Which number is shown with the base-10 blocks?",place_value_2 place_value_3,,Read Zehnersystem ZR100,
34,2_Zahldarstellung,2f_ZS_quick,ZR10,Image,placeholder_zs_quick_4.png,Single,4,"Welche Zahl hast du gesehen? (kurz gezeigt)","Which number did you see? (briefly shown)",place_value_2,,Quick-see Zehnersystem ZR10,
35,2_Zahldarstellung,2f_ZS_quick,ZR100,Image,placeholder_zs_quick_20.png,Single,20,"Welche Zahl hast du gesehen? (kurz gezeigt)","Which number did you see? (briefly shown)",place_value_2,,Quick-see Zehnersystem decade,
36,2_Zahldarstellung,2f_ZS_quick,ZR100,Image,placeholder_zs_quick_23.png,Single,23,"Welche Zahl hast du gesehen? (kurz gezeigt)","Which number did you see? (briefly shown)",place_value_2,,Quick-see Zehnersystem ZR100,
37,2_Zahldarstellung,2h_Zahlenstrahl,ZR10,Image,placeholder_zstr_6.png,Single,6,"Welche Zahl ist auf dem Zahlenstrahl markiert?","Which number is marked on the number line?",number_line_zahlenstrahl,,Read Zahlenstrahl ZR10,
38,2_Zahldarstellung,2h_Zahlenstrahl,ZR20,Image,placeholder_zstr_14.png,Single,14,"Welche Zahl ist auf dem Zahlenstrahl markiert?","Which number is marked on the number line?",number_line_zahlenstrahl,,Read Zahlenstrahl ZR20,
39,2_Zahldarstellung,2h_Zahlenstrahl,ZR100,Image,placeholder_zstr_43.png,Single,43,"Welche Zahl ist auf dem Zahlenstrahl markiert?","Which number is marked on the number line?",number_line_zahlenstrahl,,Read Zahlenstrahl ZR100,
40,2_Zahldarstellung,2h_Zahlenstrahl,ZR100,Image,placeholder_zstr_78.png,Single,78,"Welche Zahl ist auf dem Zahlenstrahl markiert?","Which number is marked on the number line?",number_line_zahlenstrahl,,Read Zahlenstrahl ZR100,
41,2_Zahldarstellung,2i_Diktat,ZR10,Audio,audio_dictation_9.mp3,Single,9,"Schreibe die Zahl auf, die du hörst!","Write down the number you hear",place_value_4,,Number dictation 9,
42,2_Zahldarstellung,2i_Diktat,ZR20,Audio,audio_dictation_14.mp3,Single,14,"Schreibe die Zahl auf, die du hörst!","Write down the number you hear",place_value_4,,Number dictation 14 (Zahlendreher risk),
43,2_Zahldarstellung,2i_Diktat,ZR100,Audio,audio_dictation_28.mp3,Single,28,"Schreibe die Zahl auf, die du hörst!","Write down the number you hear",place_value_4,,Number dictation 28 (Zahlendreher risk),
44,2_Zahldarstellung,2i_Diktat,ZR100,Audio,audio_dictation_55.mp3,Single,55,"Schreibe die Zahl auf, die du hörst!","Write down the number you hear",place_value_4,,Number dictation 55,
45,2_Zahldarstellung,2i_Diktat,ZR100,Audio,audio_dictation_76.mp3,Single,76,"Schreibe die Zahl auf, die du hörst!","Write down the number you hear",place_value_4,,Number dictation 76 (Zahlendreher risk),
46,2_Zahldarstellung,2i_Diktat,ZR100,Audio,audio_dictation_80.mp3,Single,80,"Schreibe die Zahl auf, die du hörst!","Write down the number you hear",place_value_4,,Number dictation 80 (zero/null),
47,3_Operationen,3a_StoryStatisch,ZR10,Text,"Peter hat 5 Karten. Tom hat 3 Karten. Wie viele haben sie zusammen?",MultipleChoice,5+3,"Welche Rechnung passt? Peter hat 5 Karten, Tom hat 3 Karten. Wie viele zusammen?","Which equation fits? Peter has 5 cards, Tom has 3. How many together?",operation_sense_add operation_sense_story,,Story statisch zusammenfassen (3a),
48,3_Operationen,3b_StoryWegnehmen,ZR10,Text,"Paula hat 8 Karten. Sie gibt 3 ab. Wie viele bleiben?",MultipleChoice,8-3,"Welche Rechnung passt? Paula hat 8 Karten, gibt 3 ab. Wie viele bleiben?","Which equation fits? Paula has 8 cards, gives 3 away. How many left?",operation_sense_sub operation_sense_story,,Story dynamisch wegnehmen (3b),
49,3_Operationen,3c_StoryUnterschied,ZR10,Text,"Kevin hat 3, Evelyn hat 7. Wie viele muss Kevin dazubekommen, damit er gleich viele hat?",MultipleChoice,"3+_=7 or 7-3","Welche Rechnung passt? Kevin hat 3, Evelyn hat 7. Wie viele muss Kevin dazubekommen?","Which equation fits? Kevin has 3, Evelyn has 7. How many more does Kevin need?",operation_sense_sub operation_sense_story,,Story Unterschied (3c) — accept either form,
50,3_Operationen,3e_PlaettchenLoesen,ZR10,Image,plaettchen_8_minus_2.png,Single,6,"Löse die Aufgabe 8 - 2 mit den abgebildeten Plättchen.","Solve 8 - 2 with the shown counters",operation_sense_sub representation_2,,Solve 8-2 with image of counters,
51,3_Operationen,3f_PlaettchenInterpret,ZR10,Image,plaettchen_3_plus_4_gap.png,MultipleChoice,3+4,"Welche Aufgabe könnte hier dargestellt sein? (3 Plättchen, Lücke, 4 Plättchen)","Which equation could this represent?",operation_sense_add representation_2,,Plättchen image → equation,
52,3_Operationen,3f_PlaettchenInterpret,ZR10,Image,plaettchen_6_minus_3.png,MultipleChoice,6-3,"Welche Aufgabe könnte hier dargestellt sein? (6 Plättchen, 3 weggeschoben)","Which equation could this represent?",operation_sense_sub representation_2,,Plättchen subtraction image,
53,3_Operationen,3g_Unterschied,ZR10,Text,Unterschied zwischen 8 und 5,Single,3,"Wie viel ist der Unterschied zwischen 8 und 5?","What is the difference between 8 and 5?",operation_sense_sub basic_strategy_4,,Difference 8-5,
54,3_Operationen,3h_RR_ohne_UE,ZR10,Text,4 + 5,Single,9,"Löse die Aufgabe 4 + 5 (am Rechenrahmen).","Solve 4 + 5 (on calc rack)",basic_strategy_2,,Addition ohne Übergang ZR10,
55,3_Operationen,3h_RR_ohne_UE,ZR10,Text,7 - 4,Single,3,"Löse die Aufgabe 7 - 4 (am Rechenrahmen).","Solve 7 - 4 (on calc rack)",basic_strategy_2,,Subtraktion ohne Übergang ZR10,
56,3_Operationen,3h_RR_ohne_UE,ZR100,Text,43 + 6,Single,49,"Löse die Aufgabe 43 + 6.","Solve 43 + 6",basic_strategy_21,,Addition ohne Übergang ZR100,
57,3_Operationen,3h_RR_ohne_UE,ZR100,Text,38 - 6,Single,32,"Löse die Aufgabe 38 - 6.","Solve 38 - 6",basic_strategy_21,,Subtraktion ohne Übergang ZR100,
58,3_Operationen,3j_RR_mit_UE,ZR20,Text,7 + 8,Single,15,"Löse die Aufgabe 7 + 8.","Solve 7 + 8",combined_strategy_1 combined_strategy_4 combined_strategy_6,,Addition mit Zehnerübergang ZR20 (critical),
59,3_Operationen,3j_RR_mit_UE,ZR20,Text,14 - 9,Single,5,"Löse die Aufgabe 14 - 9.","Solve 14 - 9",combined_strategy_6 combined_strategy_8,,Subtraktion mit Zehnerübergang ZR20 (critical),
60,3_Operationen,3j_RR_mit_UE,ZR100,Text,28 + 6,Single,34,"Löse die Aufgabe 28 + 6.","Solve 28 + 6",combined_strategy_12,,Addition mit Übergang ZR100,
61,3_Operationen,3j_RR_mit_UE,ZR100,Text,43 - 7,Single,36,"Löse die Aufgabe 43 - 7.","Solve 43 - 7",combined_strategy_14,,Subtraktion mit Übergang ZR100,
62,3_Operationen,3l_ZS_ohne_UE,ZR100,Text,52 - 20,Single,32,"Löse die Aufgabe 52 - 20.","Solve 52 - 20",basic_strategy_11 combined_strategy_5,,Reine Zehner subtraction,
63,3_Operationen,3l_ZS_ohne_UE,ZR100,Text,23 + 30,Single,53,"Löse die Aufgabe 23 + 30.","Solve 23 + 30",basic_strategy_11 combined_strategy_5,,Zweistellig plus reine Zehner,
64,3_Operationen,3n_ZS_mit_UE,ZR100,Text,47 + 6,Single,53,"Löse die Aufgabe 47 + 6.","Solve 47 + 6",combined_strategy_12,,Addition mit Übergang ZR100,
65,3_Operationen,3n_ZS_mit_UE,ZR100,Text,32 - 6,Single,26,"Löse die Aufgabe 32 - 6.","Solve 32 - 6",combined_strategy_14,,Subtraktion mit Übergang ZR100,
66,4_Grundaufgaben,4a_Einspluseins,ZR10,Text,5 + 5,Single,10,"Wie viel ist 5 + 5?","What is 5 + 5?",basic_strategy_8 decomposition_3,,Double 5 (anchor),
67,4_Grundaufgaben,4a_Einspluseins,ZR10,Text,1 + 9,Single,10,"Wie viel ist 1 + 9?","What is 1 + 9?",decomposition_3,,Decomposition of 10,
68,4_Grundaufgaben,4a_Einspluseins,ZR10,Text,3 + 7,Single,10,"Wie viel ist 3 + 7?","What is 3 + 7?",decomposition_3,,Decomposition of 10,
69,4_Grundaufgaben,4a_Einspluseins,ZR10,Text,4 + 3,Single,7,"Wie viel ist 4 + 3?","What is 4 + 3?",basic_strategy_2,,Einspluseins (no decomp),
70,4_Grundaufgaben,4a_Einspluseins,ZR10,Text,2 + 6,Single,8,"Wie viel ist 2 + 6?","What is 2 + 6?",basic_strategy_2,,Einspluseins (no decomp),
71,4_Grundaufgaben,4b_Einsminuseins,ZR10,Text,10 - 5,Single,5,"Wie viel ist 10 - 5?","What is 10 - 5?",decomposition_3 basic_strategy_12,,Halve 10 / decomposition,
72,4_Grundaufgaben,4b_Einsminuseins,ZR10,Text,10 - 9,Single,1,"Wie viel ist 10 - 9?","What is 10 - 9?",decomposition_3,,Decomposition of 10,
73,4_Grundaufgaben,4b_Einsminuseins,ZR10,Text,10 - 7,Single,3,"Wie viel ist 10 - 7?","What is 10 - 7?",decomposition_3,,Decomposition of 10,
74,4_Grundaufgaben,4b_Einsminuseins,ZR10,Text,7 - 4,Single,3,"Wie viel ist 7 - 4?","What is 7 - 4?",basic_strategy_2,,Subtraction ZR10,
75,4_Grundaufgaben,4b_Einsminuseins,ZR10,Text,8 - 6,Single,2,"Wie viel ist 8 - 6?","What is 8 - 6?",basic_strategy_2,,Subtraction ZR10,
76,4_Grundaufgaben,4c_Doppelte,ZR10,Text,Doppelte von 4,Single,8,"Was ist das Doppelte von 4?","What is the double of 4?",basic_strategy_8,,Double 4,
77,4_Grundaufgaben,4c_Doppelte,ZR10,Text,Doppelte von 5,Single,10,"Was ist das Doppelte von 5?","What is the double of 5?",basic_strategy_8,,Double 5,
78,4_Grundaufgaben,4c_Doppelte,ZR20,Text,Doppelte von 7,Single,14,"Was ist das Doppelte von 7?","What is the double of 7?",basic_strategy_8 basic_strategy_9,,Double 7,
79,4_Grundaufgaben,4c_Doppelte,ZR20,Text,Doppelte von 9,Single,18,"Was ist das Doppelte von 9?","What is the double of 9?",basic_strategy_8 basic_strategy_9,,Double 9,
80,4_Grundaufgaben,4c_Doppelte,ZR20,Text,Doppelte von 10,Single,20,"Was ist das Doppelte von 10?","What is the double of 10?",basic_strategy_10,,Double 10 (decade),
81,4_Grundaufgaben,4d_Haelfte,ZR10,Text,Hälfte von 6,Single,3,"Was ist die Hälfte von 6?","What is half of 6?",basic_strategy_12,,Half 6,
82,4_Grundaufgaben,4d_Haelfte,ZR10,Text,Hälfte von 8,Single,4,"Was ist die Hälfte von 8?","What is half of 8?",basic_strategy_12,,Half 8,
83,4_Grundaufgaben,4d_Haelfte,ZR10,Text,Hälfte von 10,Single,5,"Was ist die Hälfte von 10?","What is half of 10?",basic_strategy_12,,Half 10,
84,4_Grundaufgaben,4d_Haelfte,ZR20,Text,Hälfte von 14,Single,7,"Was ist die Hälfte von 14?","What is half of 14?",basic_strategy_12 basic_strategy_13,,Half 14 (with crossing),
85,4_Grundaufgaben,4d_Haelfte,ZR20,Text,Hälfte von 18,Single,9,"Was ist die Hälfte von 18?","What is half of 18?",basic_strategy_12,,Half 18,
86,4_Grundaufgaben,4d_Haelfte,ZR20,Text,Hälfte von 20,Single,10,"Was ist die Hälfte von 20?","What is half of 20?",basic_strategy_14,,Half 20 (decade),
87,4_Grundaufgaben,4e_FehltBis10,ZR10,Text,Von 5 bis 10,Single,5,"Wie viel fehlt von 5 bis 10?","How many missing from 5 to 10?",decomposition_3 decomposition_15,,Complement to 10,
88,4_Grundaufgaben,4e_FehltBis10,ZR10,Text,Von 9 bis 10,Single,1,"Wie viel fehlt von 9 bis 10?","How many missing from 9 to 10?",decomposition_3 decomposition_15,,Complement to 10,
89,4_Grundaufgaben,4e_FehltBis10,ZR10,Text,Von 7 bis 10,Single,3,"Wie viel fehlt von 7 bis 10?","How many missing from 7 to 10?",decomposition_3 decomposition_15,,Complement to 10,
90,4_Grundaufgaben,4e_FehltBis10,ZR10,Text,Von 4 bis 10,Single,6,"Wie viel fehlt von 4 bis 10?","How many missing from 4 to 10?",decomposition_3 decomposition_15,,Complement to 10,
91,4_Grundaufgaben,4e_FehltBis10,ZR10,Text,Von 6 bis 10,Single,4,"Wie viel fehlt von 6 bis 10?","How many missing from 6 to 10?",decomposition_3 decomposition_15,,Complement to 10,
92,4_Grundaufgaben,4f_FehltBis8,ZR10,Text,Von 3 bis 8,Single,5,"Wie viel fehlt von 3 bis 8?","How many missing from 3 to 8?",decomposition_1 decomposition_5,,Complement to non-10 target,
93,4_Grundaufgaben,4f_FehltBis8,ZR10,Text,Von 7 bis 8,Single,1,"Wie viel fehlt von 7 bis 8?","How many missing from 7 to 8?",decomposition_1 decomposition_5,,Complement to non-10 target,
94,4_Grundaufgaben,4f_FehltBis8,ZR10,Text,Von 4 bis 8,Single,4,"Wie viel fehlt von 4 bis 8?","How many missing from 4 to 8?",decomposition_1 decomposition_5,,Complement to non-10 target,
95,4_Grundaufgaben,4f_FehltBis8,ZR10,Text,Von 2 bis 8,Single,6,"Wie viel fehlt von 2 bis 8?","How many missing from 2 to 8?",decomposition_1 decomposition_5,,Complement to non-10 target,
96,5_Buendeln,5a_Buendeln,ZR100,Image,wuerfel_23.png,Single,23,"Wie viele Würfel sind das?","How many cubes are these?",place_value_1 counting_1,,Count unstructured cubes,
97,5_Buendeln,5a_Buendeln_zehner,ZR100,Image,wuerfel_23.png,Single,2,"Wie viele Zehner stecken in der Zahl?","How many tens are in this number?",place_value_1 place_value_5,,Identify tens count in 23,
98,5_Buendeln,5b_Entbuendeln,ZR100,Image,steckwuerfel_3zehner_minus1.png,Single,29,"Hier sind 3 Zehnerstangen. Wenn man einen Würfel wegnimmt, wie viele Würfel sind es dann?","Three ten-rods. Remove one cube — how many cubes now?",place_value_1,,Entbündeln by 1,
99,5_Buendeln,5b_Entbuendeln_zehner,ZR100,Image,steckwuerfel_3zehner_minus1.png,Single,2,"Und wie viele ganze Zehner sind es nach dem Wegnehmen?","How many complete tens are left after removing 1 cube?",place_value_1,,Entbündeln tens count,
100,6_Stellenwerte,6a_MaterialZuZahl,ZR100,Image,zs_5z3e.png,Single,53,"Schreibe die dargestellte Zahl auf (5 Zehnerstangen, 3 Einer).","Write the number shown (5 tens, 3 ones)",place_value_2 place_value_4,,Material → Zahl (gebündelt),
101,6_Stellenwerte,6a_MaterialZuZahl,ZR100,Image,zs_3z.png,Single,30,"Schreibe die dargestellte Zahl auf (3 Zehnerstangen).","Write the number shown (3 tens)",place_value_2 place_value_4,,Material → Zahl (Zehnerstellen only),
102,6_Stellenwerte,6a_star_MaterialNichtGebuendelt,ZR100,Image,zs_3z12e.png,Single,42,"Schreibe die dargestellte Zahl auf (3 Zehnerstangen und 12 Einer).","Write the number shown (3 tens and 12 ones — not fully bundled)",place_value_1 place_value_2,,KEY: Non-bundled — tests fortgesetzte Bündelung,
103,6_Stellenwerte,6b_ZahlZuMaterial,ZR100,Text,54,MultipleChoice,5Z4E,"Welches Bild zeigt die Zahl 54?","Which image shows the number 54?",place_value_2 place_value_3,,Zahl → Material 54,
104,6_Stellenwerte,6b_ZahlZuMaterial,ZR100,Text,37,MultipleChoice,3Z7E,"Welches Bild zeigt die Zahl 37?","Which image shows the number 37?",place_value_2 place_value_3,,Zahl → Material 37,
105,6_Stellenwerte,6b_ZahlZuMaterial,ZR100,Text,40,MultipleChoice,4Z0E,"Welches Bild zeigt die Zahl 40?","Which image shows the number 40?",place_value_2 place_value_3,,Zahl → Material 40 (null role),
106,6_Stellenwerte,6b_ZahlZuMaterial,ZR100,Text,22,MultipleChoice,2Z2E,"Welches Bild zeigt die Zahl 22?","Which image shows the number 22?",place_value_2 place_value_3,,Zahl → Material 22 (Paschzahl),
107,7_Aufgabenzusammenhang,7a_Umkehr_helper,ZR10,Text,5 + 4,Single,9,"Wie viel ist 5 + 4?","What is 5 + 4?",basic_strategy_2,,Umkehraufgabe helper,P7a
108,7_Aufgabenzusammenhang,7a_Umkehr_target,ZR10,Text,9 - 4,Single,5,"Wie viel ist 9 - 4?","What is 9 - 4?",basic_strategy_2 combined_strategy_5,,Umkehraufgabe target (compare RT vs helper),P7a
109,7_Aufgabenzusammenhang,7b_Tausch_helper,ZR10,Text,9 + 3,Single,12,"Wie viel ist 9 + 3?","What is 9 + 3?",basic_strategy_19,,Tauschaufgabe helper,P7b
110,7_Aufgabenzusammenhang,7b_Tausch_target,ZR10,Text,3 + 9,Single,12,"Wie viel ist 3 + 9?","What is 3 + 9?",basic_strategy_19,,Tauschaufgabe target (RT should drop sharply),P7b
111,7_Aufgabenzusammenhang,7c_Nachbar_helper,ZR20,Text,7 + 5,Single,12,"Wie viel ist 7 + 5?","What is 7 + 5?",combined_strategy_1,,Nachbaraufgabe helper,P7c
112,7_Aufgabenzusammenhang,7c_Nachbar_target,ZR20,Text,7 + 6,Single,13,"Wie viel ist 7 + 6?","What is 7 + 6?",combined_strategy_1,,Nachbaraufgabe target,P7c
113,7_Aufgabenzusammenhang,7c_Nachbar_helper_sub,ZR20,Text,14 - 7,Single,7,"Wie viel ist 14 - 7?","What is 14 - 7?",combined_strategy_2,,Nachbaraufgabe helper (sub),P7c2
114,7_Aufgabenzusammenhang,7c_Nachbar_target_sub,ZR20,Text,14 - 8,Single,6,"Wie viel ist 14 - 8?","What is 14 - 8?",combined_strategy_2,,Nachbaraufgabe target (sub),P7c2
115,7_Aufgabenzusammenhang,7d_Analogie_helper,ZR10,Text,3 + 5,Single,8,"Wie viel ist 3 + 5?","What is 3 + 5?",basic_strategy_2,,Analogie anchor,P7d
116,7_Aufgabenzusammenhang,7d_Analogie_zehner,ZR100,Text,30 + 50,Single,80,"Wie viel ist 30 + 50?","What is 30 + 50?",basic_strategy_11 basic_strategy_23,,Analogie auf Zehner (Zehner-Analogie),P7d
117,7_Aufgabenzusammenhang,7d_Analogie_kombiniert,ZR100,Text,23 + 5,Single,28,"Wie viel ist 23 + 5?","What is 23 + 5?",basic_strategy_21 basic_strategy_23,,Analogie kombiniert,P7d
118,7_Aufgabenzusammenhang,7e_Analogie_sub_helper,ZR10,Text,7 - 4,Single,3,"Wie viel ist 7 - 4?","What is 7 - 4?",basic_strategy_2,,Analogie sub anchor,P7e
119,7_Aufgabenzusammenhang,7e_Analogie_sub_zehner,ZR100,Text,70 - 40,Single,30,"Wie viel ist 70 - 40?","What is 70 - 40?",basic_strategy_11 basic_strategy_23,,Analogie sub Zehner,P7e
120,7_Aufgabenzusammenhang,7e_Analogie_sub_kombiniert,ZR100,Text,27 - 4,Single,23,"Wie viel ist 27 - 4?","What is 27 - 4?",basic_strategy_21 basic_strategy_23,,Analogie sub kombiniert,P7e
121,7_Aufgabenzusammenhang,7f_TeilGanzes,ZR10,Text,"2+5=7. Wenn ein Plättchen verschoben wird, ändert sich die Gesamtzahl?",Single,nein,"Unter einem Tuch sind 2 Plättchen, unter einem anderen 5. Wenn ich ein Plättchen verschiebe — ändert sich die Gesamtzahl?","Two counters under one cloth, 5 under another. If I move one over — does the total change?",basic_strategy_6 combined_strategy_7,,Teil-Ganzes / Konstanz der Summe (concept),
122,7_Aufgabenzusammenhang,7g_KonstanzSumme,ZR20,Text,"7+5=12; 8+4=12; 9+3=12; was wäre 10+2?",Single,12,"Wenn 7+5=12, 8+4=12, 9+3=12 — was ist 10+2?","If 7+5=12, 8+4=12, 9+3=12 — what is 10+2?",combined_strategy_7,,Konstanz der Summe pattern,
123,7_Aufgabenzusammenhang,7h_KonstanzDifferenz,ZR20,Text,"7-5=2; 8-6=2; 9-7=2; was wäre 10-8?",Single,2,"Wenn 7-5=2, 8-6=2, 9-7=2 — was ist 10-8?","If 7-5=2, 8-6=2, 9-7=2 — what is 10-8?",combined_strategy_7,,Konstanz der Differenz pattern,
124,8_Zahlenblick,8a_AufgabenFinden10,ZR10,Text,"Welche Aufgaben haben Ergebnis 10?",Multiple,"3+7,5+5,1+9,6+4,2+8","Welche Aufgaben aus diesem Feld haben das Ergebnis 10? (Mehrfachauswahl: 3+7, 4+5, 5+5, 1+9, 6+4, 8+3, 2+8, 6+5)","Which equations result in 10?",decomposition_3 combined_strategy_11,,Aufgaben mit Ergebnis 10 (MC variant of 8a),
125,8_Zahlenblick,8a_AufgabenFinden4,ZR10,Text,"Welche Aufgaben haben Ergebnis 4?",Multiple,"1+3,2+2,8-4,7-3","Welche Aufgaben haben das Ergebnis 4? (Mehrfachauswahl mit Plus und Minus)","Which equations result in 4? (multiselect including minus)",decomposition_1,,Aufgaben mit Ergebnis 4,
126,8_Zahlenblick,8b_Ueberschlagen,ZR20,Text,5 + 7 größer/kleiner 10?,Single,größer,"Ist 5 + 7 größer oder kleiner als 10? (Schätzen, nicht rechnen!)","Is 5 + 7 larger or smaller than 10? (Estimate, do not calculate!)",combined_strategy_11,,Estimation (tight time budget),
127,8_Zahlenblick,8b_Ueberschlagen,ZR10,Text,2 + 6 größer/kleiner 10?,Single,kleiner,"Ist 2 + 6 größer oder kleiner als 10?","Is 2 + 6 larger or smaller than 10?",combined_strategy_11,,Estimation,
128,8_Zahlenblick,8b_Ueberschlagen,ZR20,Text,4 + 8 größer/kleiner 10?,Single,größer,"Ist 4 + 8 größer oder kleiner als 10?","Is 4 + 8 larger or smaller than 10?",combined_strategy_11,,Estimation,
129,8_Zahlenblick,8b_Ueberschlagen,ZR20,Text,12 + 5 größer/kleiner 20?,Single,kleiner,"Ist 12 + 5 größer oder kleiner als 20?","Is 12 + 5 larger or smaller than 20?",combined_strategy_11,,Estimation,
130,8_Zahlenblick,8b_Ueberschlagen,ZR20,Text,8 + 9 größer/kleiner 20?,Single,kleiner,"Ist 8 + 9 größer oder kleiner als 20?","Is 8 + 9 larger or smaller than 20?",combined_strategy_11,,Estimation,
131,8_Zahlenblick,8b_Ueberschlagen,ZR100,Text,13 + 9 größer/kleiner 20?,Single,größer,"Ist 13 + 9 größer oder kleiner als 20?","Is 13 + 9 larger or smaller than 20?",combined_strategy_11,,Estimation across decade,
132,8_Zahlenblick,8c_Strategie_ZR20_Add,ZR20,Text,7 + 8,Single,15,"Wie viel ist 7 + 8?","What is 7 + 8?",combined_strategy_1 combined_strategy_4,,Strategy ZR20 (duplicates 3j — keep for RT consistency),
133,8_Zahlenblick,8c_Strategie_ZR20_Add,ZR20,Text,9 + 4,Single,13,"Wie viel ist 9 + 4?","What is 9 + 4?",combined_strategy_6,,Strategy ZR20 (Kraft der 10),
134,8_Zahlenblick,8c_Strategie_ZR20_Add,ZR10,Text,5 + 6,Single,11,"Wie viel ist 5 + 6?","What is 5 + 6?",combined_strategy_4 combined_strategy_2,,Strategy near-double / Kraft der 5,
135,8_Zahlenblick,8d_Strategie_ZR20_Sub,ZR20,Text,15 - 7,Single,8,"Wie viel ist 15 - 7?","What is 15 - 7?",combined_strategy_2 combined_strategy_6,,Strategy ZR20 sub mit Übergang,
136,8_Zahlenblick,8d_Strategie_ZR20_Sub,ZR20,Text,14 - 9,Single,5,"Wie viel ist 14 - 9?","What is 14 - 9?",combined_strategy_6,,Strategy ZR20 sub mit Übergang (Kraft 10),
137,8_Zahlenblick,8d_Strategie_ZR20_Sub,ZR20,Text,11 - 8,Single,3,"Wie viel ist 11 - 8?","What is 11 - 8?",combined_strategy_6 combined_strategy_8,,Strategy ZR20 sub mit Übergang,
138,8_Zahlenblick,8c_star_ZR100_Add,ZR100,Text,37 + 9,Single,46,"Wie viel ist 37 + 9?","What is 37 + 9?",combined_strategy_12 combined_strategy_6,,ZR100 Add mit Übergang (Kraft 10),
139,8_Zahlenblick,8c_star_ZR100_Add,ZR100,Text,25 + 27,Single,52,"Wie viel ist 25 + 27?","What is 25 + 27?",combined_strategy_15,,ZR100 Add 2-stellig mit Übergang,
140,8_Zahlenblick,8c_star_ZR100_Add,ZR100,Text,34 + 49,Single,83,"Wie viel ist 34 + 49?","What is 34 + 49?",combined_strategy_15,,ZR100 Add 2-stellig mit Übergang,
141,8_Zahlenblick,8d_star_ZR100_Sub,ZR100,Text,43 - 8,Single,35,"Wie viel ist 43 - 8?","What is 43 - 8?",combined_strategy_14,,ZR100 Sub mit Übergang,
142,8_Zahlenblick,8d_star_ZR100_Sub,ZR100,Text,72 - 35,Single,37,"Wie viel ist 72 - 35?","What is 72 - 35?",combined_strategy_16,,ZR100 Sub 2-stellig mit Übergang,
143,8_Zahlenblick,8d_star_ZR100_Sub,ZR100,Text,34 - 19,Single,15,"Wie viel ist 34 - 19?","What is 34 - 19?",combined_strategy_16,,ZR100 Sub 2-stellig mit Übergang,
144,8_Zahlenblick,8d_star_ZR100_Sub,ZR100,Text,62 - 59,Single,3,"Wie viel ist 62 - 59?","What is 62 - 59?",combined_strategy_7 combined_strategy_16,,ZR100 Sub mit Übergang (Konstanz der Differenz nutzbar),
145,8_Zahlenblick,8e_DoppelteZR100,ZR100,Text,Doppelte von 19,Single,38,"Was ist das Doppelte von 19?","Double of 19?",basic_strategy_10 combined_strategy_17,,Doubling near-decade,
146,8_Zahlenblick,8e_DoppelteZR100,ZR100,Text,Doppelte von 25,Single,50,"Was ist das Doppelte von 25?","Double of 25?",combined_strategy_17,,Doubling with crossing,
147,8_Zahlenblick,8e_DoppelteZR100,ZR100,Text,Doppelte von 60,Single,120,"Was ist das Doppelte von 60?","Double of 60?",basic_strategy_10 combined_strategy_17,,Doubling decade > 100,
148,8_Zahlenblick,8e_HaelfteZR100,ZR100,Text,Hälfte von 50,Single,25,"Was ist die Hälfte von 50?","Half of 50?",basic_strategy_14 combined_strategy_18,,Half decade,
149,8_Zahlenblick,8e_HaelfteZR100,ZR100,Text,Hälfte von 32,Single,16,"Was ist die Hälfte von 32?","Half of 32?",combined_strategy_18,,Half 2-digit non-decade,
150,8_Zahlenblick,8e_HaelfteZR100,ZR100,Text,Hälfte von 70,Single,35,"Was ist die Hälfte von 70?","Half of 70?",basic_strategy_14 combined_strategy_18,,Half 70 (decomposition needed),
151,8_Zahlenblick,8e_HaelfteZR100,ZR1000,Text,Hälfte von 140,Single,70,"Was ist die Hälfte von 140?","Half of 140?",combined_strategy_18,,Half ZR1000 (analogy),
